RECIST,CD4-like,CD8-like
PR,0.46354978354978355,0.5364502164502164
SD,0.6530963302752294,0.34690366972477066
